,Review,Rating,class,prediction_0,confidence_0
300,"not intercontinental better advertised spent days san juan beach hotel late january, making trip read number reviews property, criticisms read valid not.location hotel twenty-minute cab ride international airport rush hour, middle tourism zone heavily policed, unless total couch potato walk atlantic shore old san juan forty-five minutes, no beach speak hotel property quarter mile atlantic entrance condado lagoon.common areas carpet hallways leaves desired, restaurant closed does not renovation taking place, lobby bar area breakfast area clean comfortable no means posh, pool area clean policed, pool not large maintained, elevators service adequate serve number guest hotel accomodate.amenities n't sight, health club east facility sells daily memberships, restaurants immediate vicinity none property, breakfast continental.rooms stayed double room, room large standard, room clean, bedspreads worn, mattress bit soft taste definitely mid-range standard, saw smelled rust mold come expect mid-range beach hotels florida, bathroom sink drained slowly fixed room 810 matters, new linens arrived stay.staff staff friendly cooperative ask, housekeeping pleasant attentive, general manager desk clerk sure access attractions island offer arranging special transportation needed.conclusion hotel new management roughly months results beginning, better hotels area best bargains, unless intend spend entire stay room unless idea basic hotel omni place worth look,  ",3,neutral,neutral,medium
301,"great location great hotel chose hotel reason location, centrally located city reasonable walk away, not walking distance just short car cab ride away.great things hotel location location location, enjoyed afternoon wine tasting, room tastefully furnished, staff pleasant, requested upper floor room given really liked noise street bit view, bed comfortable.things great hotel lobby tiny, looking place impressive lobby n't it.the wine tasting really enjoyed looking in-depth information wines hit miss, day vineyard really enjoyed talking wines, days hotel staff member little information wines pouring, credit asked question did n't know answer frequently printing information, little bit food served wine pizza crowd wine tasting probably wo n't any.parking hotel parking expensive reviews functional small.pet peeve heck supposed clothes unpack, room stayed small mean small drawers available folded clothes, cabinet mini fridge, room n't nearly room actually n't, thought closet possible, closet smallish hotel number things hanging sale, sale items probably 30 small closet, appreciate trying earn extra buck just ridiculous, appreciate downtown hotels tight space unpack, ended living suitcase did n't appreciate.the restaurant did eat breakfast restaurant dinner, breakfast nothing special bad good, service bad day great, dinner food mediocre better places nearby, pasta arrived table suspected kept warm time, sure fork able lift entire contents just lifting fork.bottom line spite lack storage like hotel lot glad stayed, n't stay unless happened great deal rate great hotels seattle try equal price expensive,  ",4,positive,positive,medium
302,"nice saw complaints hotel booked naturally worried, got employees nice, room ready immediatly extremely clean somewhat clean freek, came topsheets, yes rooms small little noisy hey san francisco, stay recommend,  ",4,positive,positive,high
303,"pretty good value visit seattle frequently, 1 2 days longer, staying 2 nights not worth especially hotel raised rates lately, recommend ramada steps away, staying longer time perfect, especially families, fancier hotels town warwick satisfy families especially expensive suites, swimming pool bit dark balconies acually just big step windows views location perfect, small restaurant dont overpriced does not offer better food downtown,  ",4,positive,neutral,medium
304,"disappointed raphael high hopes raphael looked beautiful website staff spoke prior reservation helpful, arrived shown suite dark wrinkled old carpet sagging beds, furniture uncomfortable dainty actually sit, small ancient television salon placed table looked like taken basement, redeeming feature large beautiful bathroom french completely renovated not bear thought staying room 4 nights, requested suite brighter nice bathroom salon bedroom little shabby doors cupboards stuck light switches mind night fuse blew turned light sitting room, art rooms public areas impressive did not make dated shabby decor general, people view decor charming not feel hotel class luxurious 30 years ago, expensive rooms nor service merited price.we did visit roof restaurant view atmosphere magical, unfortunately food poor not expected price main courses returned essentially inedible 2nd try recieved no apology charged price meals, left message concierge and/or manager did not receive telephone, regardless mediocre/poor food roof worth visit view, liked visited roof bar 2 4 nights entire roof area closed private party, not return hotel,  ",2,negative,negative,high
305,"riatlot improving, rialto great location walk central barcelona hotel, hotel process refurbished noise mornings building work, rooms saw brand new doors rooms clean room freshly painted decent sized twin room hall way bathroom towels bit sheets crisp white, number people complained rooms dark going true hotel rooms cities spain built small internal courtyards hotel narrow street rooms going dark, 9 night twin room recommend hotel clean absolutely brilliant location, oh breakfast ok,  ",3,neutral,positive,medium
306,"loved stay, stayed univ, inn 10 days april 2005 thoroughly enjoyed, free parking clean spacious room friendly staff great breakfast snack, loved location, definitely stay,  ",5,positive,positive,high
307,"abysmal service el san juan reservations wyndham el san juan phone 2/19-2/22, paid advance webrate, received type confirmation called wyndham 4 days trip faxed confirmation, dates reservation incorrect arriving 2/20 instead, hotel completely sold decent hotel san juan, flight tickets extremely upset, woman phone insisted not error reservation read reservation not, share room friends embassy suites night, finally checked el san juan women desk unwelcoming attitude, told wyndham messed reservation hope upgrade room make huge inconvenience, received low-level room view cinderblocks laying low-level roof, bathroom dirty, went beach greeted rude hotel employee refused umbrella, said reserved saw dozen umbrellas beach unused, hotel employee moving chaise lounges rusty cart scraped husband leg causing bleed resulting gash, employee apologetic, husband finally complained security guard amazingly umbrella immediately available, hotel definitely hotspot night attractive lobby not recommend staying, doubt worst hotel stays experienced,  ",1,negative,negative,high
308,"look boyfriend arrived punta cana february 3 2008 expecting stay barcelo bavaro beach resort booked, arrived desk complete chaos, not unreasonable people frequented inclusives realize lineups confusion checking, experience not wish, learned hotel over-booked carted casino hotel requires trolly order beach semi-good restaurants barcelo property, refused accept payed beach room not willing down-grade 3 hours getting no having staff hotel actually hide avoid providing information help mountan frustration told fact opening palace make way hotel expecting desk, way luggage tow palace, arrived no desk knew talking, waiting 2 hours told no rooms casino hotel, point hot tired tired carting luggage, way casino room shower ready dinner, room taken refer 2 star awful, matresses indents old, room smelled awful like sewage not bathroom skin crawls just thinking stopped crying way trolly far palace told able eat, food palace awful knows hotels barcelo property offer considering palace supposed nicest unfortunately spend night disgusting casino hotel room point having seen people sent away actually happy roof heads day continued efforts placed hotel met avoidance little explanation, staff hotel terrible acted wrong angry situation, finally noon travel rep. advised going send hotel upgrade, ended riu bamboo complete opposite barcelo, barcelo bavaro refused accept responsibility happened actually travel agent happen lot help thankfully relentless boyfriend refused allow barcelo walk travel agent reimbursing days spent trying figure barcelo refused responsibility, going punta cana favour stay far away place, mentioned ended spending remaining 5 1/2 days riu bamboo truly paradise service impecable food delicious accomodations perfect, leaving review site wanted make mention entire situation blessing disguise,  ",1,negative,negative,high
309,"absolutely fantastic, amazing little, book random hotel online site unseen know going, time ended getting expected, rooms modern beautiful decorated care no grandma bed spreads, staff friendly helpful attentive, hotel central making easy spring point city, hotel snob new san fran home hotel diva,  ",5,positive,positive,high
310,"3-star experience swissotel sydney planning trip australia 8 year hiatus looking centrally located property superior facilities high level personal service, significant online research unfortunately selected swissotel, location certainly central plenty higher-end properties 5 block radius, unlike properties hotel does not form driveway port cochere, taxi driver no choice drop passengers curbside, close curbside possible busy city street hotel located directly opposite major theatre technically physical building major department store, arrived cars double parked tiny hotel entry way let middle street no bellman sight, dragging bags street level micro-lobby directed 8th floor proper check, huge line-up checkin room actually ready, booked junior suite room type got, room respectable clean generously proportioned, unlike reviewers bed quite comfortable firm good quality average bedding materials, inclusion in-room nespresso coffee machine nice touch, rest room unspectacular, think sheraton points not bad not 5 star, biggest failing hotel staff, young inexperienced really showed, desk staff maintained calm pleasant demeanor unable process simple basic service requests, not room 1pm forget getting room serviced not possible reply housekeeping, lone bright spots service executive lounge staff competent albeit not personable friendly norm, biggest standout surprise hotel security gentelman actually function manager duty managers did, actually repsonded directly guest concerns days noticed guests actually seeking resolution issues.i noticed positive reviews property staying short time 1 3 days combined attractive online pricing makes aspirational 5 star entry level luxury, line hotel favorable rate looking clean close probably just fine, looking special looking,  ",3,neutral,neutral,medium
311,"doubletree did n't disappoint, venture boston boyfriend chose doubletree guest suites loved idea charles esplanade figured n't far hot spots.we sort right, doubletree closer harvard, harvard campus beautiful especially fall visited pretty far walk area, looking experience actual city boston recommend staying elsewhere.the best thing doubletree opinion complimentary shuttle goes various points boston, taxi n't expensive means paid 15 downtown bay southie really nice not drive boston traffic pretty terrible, checked girl desk did n't really like wanted did n't care, forgettable encounter rest staff really helpful arranging reservations taxis, lots kudos concierge.the rooms just beautiful view river means, beds typical wonderful doubletree beds bathrooms pretty spacious, absolutely no complains status room whatsoever.we did n't make jazz club inside forgot make advance reservations overslept breakfast buffet couple times, menus look intriguing probably time town.it good stay overall, not spectacular probably long headed harvard,  ",3,neutral,positive,medium
312,"excellent hotel went previous ratings hotel tripadvisor not disappointed, stayed 10-12 aug 07. overall excellent hotel quick check-in/check-out clean rooms reliable housekeepers good food, rooms spacious suites highly recommend hotel leisure business travelers alike,  ",5,positive,positive,high
313,"perfect location unexciting room just returned barcelona stayed nights hotel, nh barcelona years chose excellent reviews, 3-star hotel reviews understood starting fact, no free lunches say, air conditioning not really controlled customer, thought peak summer africa no chances opening window control temperature, room size acceptable 3-star hotel remember apart stand excellent/perfect location airport express bus 2 mins walking hotel usual nh business-standard fully equipped toilets, end day n't pay premium stay alternatives town,  ",3,neutral,neutral,medium
314,"decent convenience stay stayed getting night late having early connection day, lobby nice pretty thankfully 24-hour room service friendly english-speaking staff, standing lobby looks like fine hotel, rooms clean small rundown, fixtures fine old, walls literally paper-thin hear things going hall rooms, ordered pizza room service wished n't, ca n't beat convenience factor location, hotel literally right domestic ticket counters short 2 minute walk footbridge main lobby, placed situation late arrival early departure stay,  ",3,neutral,neutral,medium
315,"standards gone downhill katrina stayed hotel previously katrina flooding new orleans, receding flood waters gone sense service quality, recent stay major let, started check gold preferred starwood platinum 2 nights expected checked right away room available room upgrade, arrived hotel 2pm, promptly told room not ready leats 4pm maybe later, told upgrade room patio actually reserved class room really no upgrade, called manager discussion promised room 4pm 3 times desk finally visit room 5pm, frequent stay guest not given courtesies expect loyal guest makes wonder continue aloyal guest, got worse days, loud drunken people room door fine were'nt making noise 3:30am nights row hotel guests kept calling security soemthign, walls paper doors not insulated, loud guests courtyard hallways rooms easily heard wake sleep, dont stay need rest conference, stay,  ",1,negative,negative,high
316,"welcoming comfortble relaxing hotel reviews say wont simply repeat comments, thing places hotels expensive stayed new york comfortable relaxed felt especially returning long day activities, n't tend sit hotel lounges did sit, smaller size greeting terms guests sit lounge glass wine coffee/pastries pleasant sociable experience, socialise guests just sit plan day read newspapers look internet catch emails, said n't repeat main comments guests not right sign praise staff not just reception staff looking lounge area food housekeeping staff,  ",4,positive,positive,high
317,"husband son stayed riu taino february 15 22. dissappointed reasons, firstly arriving late late flight dropped riu naiboa door taino walk taino, arrived taino not greated welcome drinks food, husband walk complex midnight snack bar food, settled room horrible night sleep mattress dyer need replaced, day little visitor bath tub roach day day left, rained days week stay staying room watch tv nothing, bad hotel did n't alternative activities case rain, hotel not star contrary rating no 4 star, having said n't bad, love domenican people, hotel kept clean food abundance good beach spectacular, riu taino,  ",2,negative,negative,medium
318,"terrific experience, excellent experience, great location close, staff hotel extremely accommodating, clean rooms nice ammenities ca n't wait return,  ",5,positive,positive,high
319,"great location not worth price budget n't want red light district room reduced rate paid 65 euros night okay choice, not pay rate, sure rooms small clean breakfast not worth 15 euros charge staying great location main canals 2 mins subway steps rembrantsplein, got different answers different staff wireless internet n't work hotel concierge told use network hotel door,  ",3,neutral,negative,high
320,"great location stayed chancellor 6 nights, location ideal seeing city, right union square close public transportation options.the onsite restaurant good option breakfast better breakfast spots blocks hotel sears lori diner room clean good size people, room hotel bit noise powell street hotel nice provide white noise machine, sleeping easy.i stay heartbeat excellent location great value great staff,  ",4,positive,positive,high
321,"wo n't planned trip group 11 including, booked 5 rooms hotel, wrote detailed reveiw people aware.arrival parts desk arent marked waitedin line told wait desk people assist, no said welcome enjoy staythe rooms air filled moisture, room mosquito infestation, cousin room red ant infestation, bathroom faucet rusted bath shower head built soap scum, water hard bad water pressure, ceilings leaked 3 rooms various spots.the food morning bad, omelettes best choice, lunch, dinner okay, speciality restaurants tried americanized failed horribly, n't use real ketchup, ketchup marked kecthup kecthup* really quotes asterik, pizza eadible, juices undrinkable toungue got down.drinks important thing all-inclusive resort right, sucked time, used lot alcohol did job specialty drinks lacked, pina colodas watered, mojitos old mint leaves not sure mint leaves, best drink rum coke ca n't really mess, fresca non-alcoholic drink good really sweet.ceck no cared wish ask stay.tidbits info bug repellent costs 18, flea market bavaro barcelo palace souvenirs, flea market n't hussled, nevr 3 prices, seriously try sell towel 50 8-10 bargain, book excursions early choice days times, arrive on-time, not nice wasting time, try learn little spanish going order day,  ",2,negative,negative,high
322,"worth money location recently stayed inn market returning having stayed 1999. best location seattle particularly shopping, hotel nice rooms nicely furnished not breath away rooms, views risky goes seattle sit room watch world, beds tempurpedic incredible count great night sleep, 1999 staff excellent, requested room floor terrace met request pleasantly, guests advantage terrace, nice evening shops pine street purchase nice bottle washington state wine snacks head terrace watch ships leave sunset, relaxing romantic, staff assist wine glasses, needed,  ",4,positive,positive,high
323,"not bad better similar spent 2 nites city view twin bedded room, room clean promptly serviced day, staff extremely helpful beds standard single not king singles 4 5 star hotels, beds not comfortable pillows plentiful fine, rooms bit small size, previously stayed grace hotel not far away probably grace time,  ",3,neutral,neutral,medium
324,"disappointed having seen excellent reviews trip advisor previous couple months booked chancellor nights beginning september, unfortunately hotel did not live expectations certainly not hotel reviewers praising, incredulous arrived doorman stood watched whilst carried luggage opening door, attitude combined unfriendly staff desk tired shabby looking bedroom led disappointing stay chancellor, not recommend staying hotel,  ",1,negative,negative,high
325,"perfect stayed jazzfest 2006 amazing time, really nice staying french quarter having great courtyard finding sanctuary busy streets, especially fond chocolate croissants breakfast, coming everytime new orleans,  ",5,positive,positive,high
326,"outdated great price makes look, outdated stained carpets usually stay nicer places cost proximity warf free parking bit bargain, n't expect 3 class hotel 2 class best clean comfortable,  ",3,neutral,neutral,medium
327,"not bad not great great location, group stay april 2008. hotel location great easy walk, plus rooms pretty quiet decent night sleep having loud quarter noise, rooms pretty dark need lighting especially night, bathrooms small, hotel staff nice pleasant, average stay got great rate, stay just average hotel nothing bad nothing outstanding,  ",3,neutral,neutral,medium
328,"taking expensive chance stayed 9 nights draycott month ago.i really say regret not stay nor recommend, booked deluxe doubles, wife daughter room lovely spacious ac worked bathroom large nice.the room son stayed bathroom size postage stamp air conditioning did n't work trickle n't, talking staff apparent n't time issues arisen, understand rooms small hotel tiny bathrooms trying make 21st century ac function 3 victorian buildings cobbled hotel does n't work, main point ca n't know booking, arrive staff affable ca n't help, small hotel 25 rooms really no place especially busy season, check room rates expedia, hotel not financially faint heart, price 9 day stay not worth rolling dice, stay,  ",1,negative,negative,high
329,"n't credit card number hotel good toileteries coffee not kept room american hotels, days cabin baggage restrictions toothpaste room good, main concern took credit card number saying thats way activate room phone 3 minute free international offered flight got delayed day germany, used 3 minutes timed charged, checked asked reception charges said no charges,  ",2,negative,negative,medium
330,"excellent choice theatre district live area chose stay overnight midtown wine tasting corner, pros location location location, just steps times square, surprisingly quiet manhattan hotel, convenient inexpensive parking right door, attentive friendly staff total can-do attitude, beautiful comfortable common areas, coffee tea available 24/7, room decor themed welcome change ho-hum routine, large shower comfortable, sparkling clean.con bed lumpy sure changed room mentioned it.enjoy stay incredible gem midtown,  ",5,positive,positive,high
331,"ca n't wait return, property superb, second visit reservations department file preferences place.i wish additional place eat breakfast dinner grounds, lines longer expected reservations,  ",5,positive,positive,high
332,"pleasant boutique hotel convenient union square stopover san francisco way new zealand hotel rex hip hotels wanted bit character times bland offerings westin/marriott/sheraton, chains, rex did trick bonus convenient union square cable car fisherman wharf.we did n't actually spend time hotel seeng friends visiting alcatraz saw bar lobby cosy welcoming.the room small perfectly formed quite comfortable, furniture antiquey perpetuate club-like atmosphere beginning look slightly worn, bathroom standard-issue american hotel scary loos threatens wash away flushed.good value definitely recommended base seeing downtown san francisco.by way hotel convenient sears fine food well-known restaurant by-passed hotel restaurant breakfast went instead,  ",4,positive,positive,high
333,"excellence excellence, husband honeymooned excellence punta cana september 28-october 4 2008. booked trip travel agent asheville nc, excellence highly recommended agent read wonderful comments/reviews trip advisor absolutely thrilled vacationing, revisiting website appalled read new negative reviews unfortunately positive personal experiences make note either.if you__Ç_éÈe reading aware road conditions leading resort airport, experience referred massage.__Ç lots potholes narrow roads local drivers speed total disregard human life, transport excellence airport provided prieto tours, prepare drivers incessantly talk cell phones honk motorists pedestrians overall act irresponsibly life hands, prieto arrived hour early pick resort barely allowing time loading seating roaring cloud dust.check-in excellence easy, bellboys tagged luggage soon exited bus lobby entrance, greeted cold towels champagne nice touch, travel agent insisted treated experience excellence fruit flowers waiting room banner door, none things happened menial husband totally overlooked, placed building 11 opposite resort lobby/entertainment/food, air conditioning blew hot musty-smelling air stay water coming faucets smelled like sewage view__Ç room actually overlooked affectionately called hole.__Ç building 11 experienced power outages stay personally uncomfortable.the food excellence decent did receive raw lobster undercooked hamburgers occasions, eateries choose believe enjoy resort.the resort staff friendly good feel need make note housekeeping staff, came room times day average picked personal belongings, leave room hour returning clothes towels books items new locations, towels washcloths bed linens weren__Ç_é_ changed, pleased service, tip not staff needs met.the grounds excellence magnificent clean beautiful, pools wonderful relaxing float sipping fruity, stay beach littered garbage debris old tires water bottles fishing line hooks, ocean fierce want participate water sports recommend vacationing, suffered extensive bug bites lower legs feet excellence, wore no lotions perfumes practically bathed deet, thinking husband believe bed bug bites lower legs/feet bottoms feet, didn__Ç_é_ suffer bite difference habits slept sheets did not.on second day vacation severely injured beach, husband lying hammock enjoying sound ocean night, suddenly hammock collapsed sent tumbling sand, support pole hammock tied fell struck head directly right eye, suffered deep laceration brow effectively severing eyebrow face, resort thankfully doctor staff 24 hours day, 12 stitches black eyes bloody mess later regret decision lay hammock night, resort took little no responsibility accident settlement liability, visit spa, best advice vacationer, purchase travel insurance said husband enjoyed vacation, best horrible situation s considering returning punta cana near future, staying resort wrong excellence,  ",2,negative,negative,high
334,"pleasant surprise greeting arrival helpful smiling assistance totally enjoyed night stay, wine cheese hour great way unwind meet new people lively conversations, breakfast morning delicious, visit heartbeat,  ",5,positive,positive,high
335,"definitely not 5a apple said, stayed 12/17 12/24the good beautiful beaches pools, wonderful staff.the bad rooms small compared 5 apple rated resorts stayed sunscape resorts stayed, resort construction, room gave constant hammering circular saws construction workers yelling, moved did away construction no hot water days, hot water started none, hot cold water hours time times count.the food good presented careful ate, hot food not kept hot cold food not kept cold, wife careful got travelers sickness, imagine defecating vomiting toilet dozen time not able flush, not uncommon dozen families spoke family members half groups sick intestional problems had.my advise avoid resort finish construction,  ",1,negative,negative,high
336,"charming old hotel drawbacks stayed week aarp convention boston, not sure typical room tiny, basically needed, bed comfortable hard pillows, clean, room service mixed, great late night lumpy oatmeal missing selections morning, bathroom clean nice deep bathtub small, housekeeping hit miss finally started leaving tip note day towels washcloths needed.great location block boston common walking distance north end complete freedom trail,  ",4,positive,neutral,medium
337,"delight, husband stayed dauphine orleans july 1-6 2003. arrived early essence music festival hotel packed july 3rd delight stay, room excellent a/c greatful relieved room cool day, location excellent, block bourbon, walking distance to/from, courtesy van big plus using van destinations taking time sightseeing walking hotel, staff helpful knowledgeable, security excellent 4am, awake watching 1-way mirror lobby, mae bailey bar interesting fun hear stories ghosts, hurricanes excellent mae bailey, morning paper nice complimentary breakfast wonderful great selection, like said hotel completely staff constantly making sure ran, shopping crescent city market louisianna shrimp home kitchen staff kind store shrimp freezer left, pool little comfy courtyard setting refreshing way cool, n't expect room cleaned 4pm later despite door sign say day, no problem just went bourbon st. happy hour specials, hotel great jj,  ",5,positive,positive,high
338,"comfortable convenient chic stayed sister hotel tacoma hotel murano impressed decor staff location decided try max.it close downtown easy destinations, room bit small comfortable price exceded needs, look forward doing downtown christmas shopping staying close shops.we looking forward having dinner sushi restaurant menu impressive,  ",4,positive,positive,high
339,"great location location wonderful location hotel sits main street plenty shopping lv prada gucci tiffany, open air international market shop till drop eat bars no cover charge, beachcomber sits right street lovely beach, aquarium zoo short 15 minute walk hotel, transit good costing 2.00 free transfer.hotel service staff friendly, pool hot tub outside covered cafe open 6:00am 1:00pm, housekeeping unacceptable seven nights gave clean coffee cups drinking glasses, n't epect n't kept cleaning cart, instead wash coffee cup morning water sink lucky, makes wonder sanatized guest room, requested clean cups morning got, hair dryer iron ironing board coffee coffee pot room.excursions/day trips mary ann section trip desk friendly helpful, bought excursions, vendors street selling trips security purchasing vendor hotel worth cost, day trip island wonderful pearl harbor whale watching, wonderful blue hawaii featuring wonderful elvis impersenator sure, beautiful ladies men viewing pleasure, don ho having shows thur, sunday nights, did n't make that.all location hotel excellent good view need 19th floor higher rooms 1906 1909 good view, smoking room no odor smoke not smoke,  ",3,neutral,positive,medium
340,"appalling check-in check-out hotel bills deluxe hotel, design brilliant totally impactical, lights not work baths taking 20 minutes service amateur wonder staff, room cleaned 5.00 p.m. staff walking room 8.30 a.m. unanounced, list endless interestingly noone cared, want service n't waste time, make sure n't leave bags reception stuck lables left permanent mark, check check total disaster, good value 50 euros not 400 euros,  ",2,negative,negative,high
341,"fell expectations traveled club med punta cana nov 2005 week wife 2 y/o son, club med villages, chose resort primarily kids club free timewhat liked nice setting grounds kept resort private no resorts beach designated adults far end village food variety good typical club med water restaurant view really nice palm trees beach providing shade kids not want stay kids club dropped parents despite activities offered a/c rooms cold maybe cold.what disliked picked airport taxi driver worked club med tried charge transport village attempted robbery airport transfers included price n't fooled took 2 hours room ready rarely saw chief village not complain think americans week spoke french not french nice able communicate guests beach nice way sea grass washing ashore garbage days day syring washed beach no kidding, dive instructor dog tied dive shack dog bark times making difficult able relax nap beach complain times dog taken away return days later dissapointed dogs really not belong resort especially not behaved paying alot money relaxation not need bothered people pets, dog took dump rest rooms stepped, care entertaining evening shows dance music alomost muerenge not club med themes tired bouncing forth restaurants alteranate dinner luch restaurants bread not nearly club med especially white chocolate bread, excursion manatee park big waste time money not lured not worth money excursions rip n't waste money snorkeling trip just beach boat just swim snorkeling sites just beach diving waste nothing nice guess spoiled used provo cozumel san salvador club med came primarily kids club boy things change kids, carefull sailing trouble did busy chatting girls not notice drowning,  ",2,negative,negative,high
342,"wonderful hotel amazing staff ca n't beat location place right near shopping restaurants cable cars, room small clean not decorated cookie-cutter hotel room style, staff amazing really helpful friendly, better service hotel, noise street-facing tired walking hills did n't notice, highly recommend hotel definitely stay,  ",5,positive,positive,high
343,"little gem busy union square having decided union square looking reasonably priced hotel earned christmas break, reading reviews chancellor booked direct cheaper called discount travel sites, arrival really pleased location look feel hotel, staff extremely helpful check-in recommended local places eat used pleased, room clean 14th floor corner excellent view not union square skyline bay, bed extremely comfortable room facilities required relaxing, room n't largest compared larger hotels adequate needed given time actually spent room sleeping did mention bed comfortable, staff hotel friendly knowledgeable willing answer questions, loved individual feel hotel compared chains stayed previously rubber duck bathroom lovely touch especially santa duck, cookies hot beverages lobby plentiful no matter time day, overall highly recommend hotel, ca n't wrong location atmosphere price convenience friendliness cleanliness beautiful old architecture, definitely stay return san francisco,  ",5,positive,positive,high
344,"different used stayed el san juan total 5 times 6 years, recent stay april 2007. el san juan used owned wyndham company sold european company n't know, guest rooms completely remodeled reviewers stated not match beautiful lobby heard rumors tear lobby moderinize, rooms impractical shower open no sliding door curtain leaked time warping sliding door bathroom flowing guest room not carpeted pseudo-wood type thing, chairs not comfortable did away beautiful balconies used, pool beautiful new lounge chairs extremely comfortable, visit resort enjoy pool experienced best, stay inside disappointed,  ",2,negative,negative,medium
345,"ritz canal street terrible location equally horrible hotel rooms dirty service terrible best trip left flew home,  ",1,negative,negative,high
346,"weekend break good things staff friendly welcoming, good location tram stop nearby easy walking distance anne frank house sights, complimentary soft drinks, early check-in, luggage stored safely departure day.minor concerns room tiny no drawer space good view canal westerkerk, breakfast limited choice adequate.overall good value money,  ",3,neutral,positive,high
347,"perfect money looking safe comfortable reasonably priced hotel, hotel room clean free parking plus easy park, staff helpful nice deal, good location away crowd wharf close, restaurants close walgreens shopping fridge heat microwave,  ",5,positive,positive,high
348,"adequate occasionally irksome good location street near grand central.safe neighborhood.great views midtown east river.clean rooms.fairly quiet area night not traffic honking.close walk restaurants m15 bus 1st ave. more.bad no express checkout clerks mornings.huge windows inadequate blinds let light early morning.thin walls.weak air conditioning rooms.old-school tv annoying noisy channel-changer.no mirror outside bathroom.bathroom lightswitch outside bathroom no late-night trips waking bedmate.towels not fluffiest.section window couch actually slides open beware children easily fall out.conclusion clean safe adequate convenient n't expect luxury attention prepared odd quirks, hotel designed budget-conscious foreign diplomats.the millennium adequate hotel, no horror stories tell, host minor annoyances, tried lower massive shade covering massive window merely pulled contraption fell, maintenance reinstall, lawsuit hit head lititgious sort, really injured elderly person.i later saw smoke alarm hanging open sans battery, maintenance man later replaced battery told smokers pull despite fact hotel tons smoking rooms, said hard enforce no-smoking rule rooms, hotels note threatening cleaning fee detect smoking, nonworking smoke detector hotel chain-smoking chinese diplomats bit worrisome.even worrisome sliding panel huge window, panel right couch, easily big child crawl fall his/her death, thinking stayed room hotel couple weeks a/c unit fine, room a/c blast piddling, maintenance guy come admirable effort naught, n't sweating lowering shade helped lot day n't 68 degrees prefer august.i hear conversation people room bathroom understand word, inside room near window hear talking not loudly.even tv bit odd, old convex-screen model channel changer annoying thwack sound channel change, know complaint sound ridiculously picayune believe got old fast.and bathroom lightswitch outside like japan, make trip early morning light till door shut n't wake wife, switch outside ca n't that.if stay extra time check crowd front-desk clerks.the millennium n't bad hotel not great, good discount prepared quirks probably worth, government rate currently 200/night,  ",2,negative,neutral,medium
349,"great location weird smell stayed short business trip seattle.pros excellent locationnice continental breakfast morningspacious floor plan rooms king bedneat blowfish lobby follows people cons weird smell roomsslow jerky elevatorvery limited parking especially alley construction near locationbathroom old not kept,  ",2,negative,neutral,medium
350,"great airport stay lovely indoor pool area looks like lodge, staff friendly helpful, room clean comfortable spacious minimal noise outside hear planes really listened, breakfast buffet good value great coffee starbucks omelet chef did not slightest clue doing, got scramble omelet spinach leaves thing cooked nothing, booked cars eat free package included parking 25 gas card deal worth, overall good experience,  ",4,positive,positive,high
351,"fantastic experience stayed convention extremely nice, staff friendly accommodating onset stay, room nice beds comfortable bathrooms average, join select club stay enjoy free morning beverages robes internet access bed turned nightly mint, close just midtown short walk time square, hotel choice midtown manhattan,  ",4,positive,positive,high
352,"rudest staff seen, booked rooms employees stay xmas party, driving hotel 4 times no place park/valet parked street lugged luggage hotel, rudely told young woman counter park car middle st. charles ave staff valet 10 15 minutes, not leaving car middle busy st. charles ave long, rooms dirty bathroom floor dirt mold, shower head sprayed little water wall shower curtain not, absolute worst experience hotel travel time, hopefully company buy proper staff place, place joke, traveling thinking staying historic new orleans came away thinking think bad katrina did not place, not,  ",1,negative,negative,high
353,"great hotel great location, stayed mlk weekend really liked hotel, users recommendations requested room new tower, flight delayed 2 a.m. pst pulled sheraton, gentleman working desk entered having difficult time figuring switch new tower, finally succeeded went room turned gave handicapped room meant having strange bathroom seat shower no counter space railing, way late energy ask non-handicapped room went sleep, room quite nice brand new including nice flat-screen tv, ca n't complain, did head original tower occasions use gym, hotel large pool/gym floor complete beautiful views seattle puget sound, large hotel surprised 4 treadmills, use sign 25 minute time limit people waiting, not huge deal definitely room improvement there.as mentioned reviewers parking problem, 35 valet insane, parked convention center lots area allowed overnight self-parking, not lucky experience low rates posted convention center website paid 22/day good savings valet no means bargain, highly recommend not renting car going spending time seattle proper especially staying sheraton, 10 seattle airport shuttle drops people directly hotel definitely cheaper parking overall definitely stay just hopefully not handicapped room,  ",4,positive,positive,high
354,"not stay unless great deal stayed weekend town business convention, checking driving 6 hours learned needed credit card reservations booked, lady desk unhelpful n't think cared sleep street, long story short making stand check-in desk hour long-distance boss finally given room key 9:30 pm, room disappointing not sure expecting just better, room 2 double beds small in- stay 50/night hotel bigger room, no bathrobes website says, view parking garage door no balcony, elevators ran fine entire weekend trying leave monday wait 25 minutes lobby, morning lobby set table handed coffee pastries price, hotel charges stay cheaper, did chance check pool not planning swim just wanted nice n't nice like does n't sun small insulated, thought like westin hotels view surrounding area 15th floor, valet people hand nice helpful, overall n't suggest place hotels immediate area sure better,  ",2,negative,negative,high
355,"not designed business stayed 2 nights executive seattle business, rooms small expected boutique hotel, not prepared size bathroom, literally step stall shower close door, room obviously suite time door adjoining room blocked large tv hear word conversations neighbors having, hotel offers free wireless nice no desk work, bed amazing, comfortable, nice pillows, great comforter, air conditioning worked quite, seattle best coffee house lobby great bonus, plus ca n't beat location price.if complaints stay, sacrifice amenities price charm, minor compared quality service received hotel, prepared poor service called confirm late arrival answered phone plain hello instead announcing hotel, arrived 11:00 pm 2 young men counter moved hold door help bags, lobby steps elevator checking moved help bags stairs, literally stood desk watched struggle, housekeeping staff not better, room looked like just neatened not cleaned, room coffee pot not washed, carpet not vacuumed, hopefully owner hotel read review shape staff,  ",2,negative,negative,medium
356,"great hotel value husband stayed white swan inn days.the room outdated little needs updated clean neat, staff friendly helpful.the breakfast good, unfortunately wine cheese afternoon, quietness want quiet not come san francisco street noise mornings.we definitely come white swan inn try sister hotels,  ",4,positive,positive,medium
357,"eh, think helps know writes reviews basic information husband mid late 30, like hilton marriott-type hotels like splurge hotels nice bb given chance, review fine, like converted holiday inn, shower great robes room love, toilet ran entire time promised complimentary tea service did n't come times ordered dirty food tray door neighbors sat outside room 36 hours picked, customer service people overwhelmed.we wanted park lot associated hotel times tried, parked garage hotel recommended attached hotel, nothing went right automatic payment machines did n't work, told garage opened 6:00 a.m. sunday leave exactly 6:00 probably little earlier return rental car make flight, making way garage hotel guard told garage n't open till 7:00 pay 50/cash open gates, kept pushing sounded fishy asked desk told garage opened 6:00. went garage waited open gate said garage did n't open till 6:15. begged open doors early let late flight thank goodness did.i not return hotel given lower rating 109/night san francisco o.k,  ",3,neutral,negative,high
358,"hotel max aphrodiasiac hotel max exactly expected reading previous reviews, bright pink paint curb helped hotel easily, pulled valet service extremely helpful friendly, walk lobby adult art walls not trashy means, room pretty small bathroom, extremely clean, loved menu snacks opportunity order pillows liking, did not remember 21+ hotel mini massager intimacy kit came hotel labeled, really nice not kids running, did not experience paper wall noise complained, hotel max trendy sexy definately air spray phermones sheets, definately stay,  ",4,positive,positive,high
359,"pleased parc hotel confident reading reviews happy hotel, excited say yes, arriving sure ask room fifteenth floor higher facing south, got sixteenth floor amazing, walked room saw ocean, beautiful inviting, rooms clean plenty room, noise minimum unless plan stay secluded resort expect, comfortable staff nice bell guys outside ball great, guy planned activities great, hotel right middle lot great hotels restaurants shops, beach, good walking distance, honest ate breakfast hotel good gone doing stuff didnt eat hotel, good place stay good prices, make sure room facing beach cause does make huge difference room little trust make huge difference,  ",5,positive,positive,high
360,"just horrible place dump, reasons called resort exorbitant price kitsch decor pompous staff.the room keys did n't work bathroom door completely broken air room awfully stale nothing windows screwed shut, beds old soft squeaky smelly problems definitely stay away, dust n't ocean dirty windows.the staff polite unhelpful lied face times particular late checkout availability free 2pm request parking decent required 22/night, pick time not busy, valets literally throw luggage trunk car.honestly spending time kept motel holiday inn express 1/8th price better deal overall.stay miami beach general service quality pretty bad hotels restaurants, instead drive ft. lauderdale better properties expensive located beach ocean.miami beach capital bad service miami beach resort spa unquestionably reasons,  ",1,negative,negative,high
361,"pretty good deal girlfriends stayed hotel 4 nights, checked pretty late situation airport given queen room instead double beds guaranteed, alright considering check-in time, morning called desk switch rooms assisted lady extremely rude, not care way situation nasty results, eventually switched double bed room rest trip went smoothly, rest desk staff great professional, location hotel pretty good, end catching cab better nightclubs washington hit 5- 7, gentleman booked shuttle airport sweetest thing, girls stay hopefully time lady desk gotten attitude adjustment,  ",3,neutral,neutral,medium
362,"gem hotel heart nyc fourth stay casablanca, staff friendly helpful, complimentary continental breakfast nice touch, afternoon wine cheese service, great way unwind, rooms bit small manageable, rooms entire hotel clean,  ",4,positive,positive,high
363,"good experience having booked minute escape university tower hotel review proved excellent minute find.central clean rooms good views albeit rooms exec levels n't exactly spacious.try book executive rooms possible good choice breakfast hors d'oeuvres day makes overall package palatable.restaurant little pricey good food staying night skip try benihana just road hotel great food atmosphere,  ",5,positive,positive,high
364,"overpriced smelly noisy rude boyfriend stayed memorial day weekend hotel extremely overpriced, hotel stunk food terrible people extremely rude, people let hotel did n't room ran hallways night yelling screaming, called reception advise situation nothing, terrible experience worst place stayed date backpacking hostels better, trust not come,  ",1,negative,negative,high
365,"perfect way, no rating category high delightful boutique hotel, way expectations, not space place justice, room wonderful having fireplace use june treat, desk staff helpful time needed, wine reception evening real treat gourmet continental breakfast, pull hotel does not look particularly impressive outside, just wait, worth penny spend stay, conveniently located, took car garage trolley bus access nearby, search place stay san francisco,  ",5,positive,positive,high
366,"thomson, thomson, booked holiday thomson, joke, lots long haul flights individual built screen standard package flight, not thomson, want classed upgrade pay person way privilege, n't want window seat near impossible tv screen past overhead storage, hot meal cold meal flight thought poor, thought going start terrible holiday just hotel nice, thomson reps hotel trying sell excursions peoples left suncream shampoo, rarely saw good thing suppose thought funny cringeworthy, german rep competent, hand guests everyday.beach said beach true, really fabulous, sand soft white sea clean, it__Ç_é_ really easy sunloungers beach time day.food food ok. nothing spectacular not bad, lot variety long not fussy eat different day, caribe grill restaurant nice right beach breeze godsend especially clammy nights, loads bad reports food thought fairly nice, did toilet usual think lot body getting used change weather climate eating different foods used, no point getting huge plate fruit complaining going toilet, took imodium worked treat, definitely just incase, no real sickness though.the pool got ear infection did, heard party 11 people 7 ear infections pool, people peeing pool, chlorine protects degree pool expect ear infection particularly prone, just stuff just case, beware doctors, people ear infections went medical centre riu camp sent straight hospital, pay tell ear infection ear drops, insurance wo n't matter jot want paying police guard paid, thomson kindly tell able claim got home, thanks thomson kids, summer holidays no doubt place overrun little brats no idea behave, english kids usually american kids fine foreign nationality let loose parents spend day pool went beach, look kids away, happen, reps entertain not used baby sitting service entertainment entertainment evening ok. n't special, nights funny karaoke hilarious people bad, i__Ç_éö prefer shows evening people sing dance really, bit amateurish really, saying staff clearly work hard, doing activities 10am don__Ç_é_ finish midnight, day week remain happiest energetic people, excursions booked excursions reps day, went speed boats day went snorkelling sea really fab, staff really friendly day really organised, people went snorkelling guide gave food feed fish, went excursion swim sharks stingrays, good experience staff excursion annoying, wanted booze cruise type thing great nice peaceful boat journey required.please aware world country, no point going want wander hotel, not commercialised not advised unless arranged excursion,  ",3,neutral,negative,high
367,"stayed hotel 3 nights week, pros cons pros away tourist hustle bustle madness- serene entrance small fountain yard, nice hotel lobby- knowledgeable staff- good buffet bfast european standardscons biggest location, quiet/non-tourist area 20 minute walk points, pick prefer, like coming minutes hotel breather not ideal place.- rooms need updating, overwhelming wall paper colors, carpet old.i not return hotel return florence based location,  ",3,neutral,neutral,medium
368,"hell earth wish read reviews booked vacation, agree single bad review site, arrived santo domingo july 7th, reservation paradisus july 17th, husband fly punta cana day drove 4 hours meet him.originally booked room husband 7 year old son, thought figured bring sister babysit husband time, thought headed paradise went check, arrived 2pm told check 3pm, didnt room til 7pm, requested room did n't booked day, payed 2 rooms saturday received second room sunday 6pm, finally got room ceiling fan making lot noise bootleg minibar did n't work ac leaking no toilet paper holder, ordered room service got room late, food got, restuarants horrible, food gave diarrhea nauseus.you tell make food sure raw, restuarants outside dressed sweat dinner, day flies, n't water sports say, tell beach hotel things, horse riding make reservations, fun outside hotel, went helicopter ride drove speed boats got 4 wheelers, staff establishments friendly, unlike staff paradisus, especially people desk, general manager did n't help, believe going remained, lets not mini club 7 year old, son walked home staff failed notice, arrived pick club house closed, noone tell son, lucky son knew way room.this no way paradise inclusive, star hotel, service horrible, better 5 star hotel come pocket, not recommend place,  ",1,negative,negative,high
369,"glad not money ha stay hotel regularly past 3 months like nice eogh hotel, breakfast buffet 12 coffee cold service highly inconsistent, housekeeping horrible, firsy nights stayed target road shampoo conditioner left room originally thought not provided did suddenly abundance house-provided toiletries, placed room blood white fabric shower curtain room hair shower room smelled like used smoking room room guest dog barked night twice seven stays pleasant clean decent room, bartenders good-one positives hotel, coffee cold agree review saying tastes like dirtywater, employer pays room money nicer hotel cheaper price tag,  ",2,negative,negative,high
370,"outstanding hotel, recently stayed cow hollow visit san francisco good, given low price 100.00 night worried hotel located great area major american city, armed excellent reviews friends family pleasantly surprised, room faced lombard street clearly hear traffic outside did n't awake minute long days sightseeing beautiful san francisco, free parking real bonus especially flat city little intimidated san francisco topography, location central located excellent bus routes recommend buying metro pass, close great restaurants, couple blocks union street great place afternoon beverage hot days tourists, great breakfast place right hotel nice restaurants just corner, overall definately visit hotel good old-fashioned value money not major north american cities including,  ",5,positive,positive,high
371,"return resort just returned resort 12/5/04, 3rd trip dr. return dr ocean village beach resort, worst managed hotel stayed traveled extensively caribbean mexico eurpoe, extremely noisy went rest relax not party worst trained staff resort seen, room changed 4106 loud n't watch tv 5pm 11:15 3103 recommend quiet steps away pool restaurant desk bar, despite central location quiet, beach finally got long walk water area, shuttle beach took 2x, waited 10 min leave 2nd time waited 25 min leave, able lobby waiting looong time decided easier walk, necessary sit extreme left face beach listened non-stop music yelling, location non-stop plethora motor boats, read snorkeling possible right shore, fish n't gone w/in miles beach, smell gasoline beach assume fish water, want comfortable beach lounge chair claim 8am, relagated hard lounger no cushion good luck finding 10am, half staff rude not downright rude disrespectful, half did gracious food ok not terrific ok. expected no biggie, biggest complaint staff no regard guests, chambermaids yell floor floor building building, groundskeepers yelling 7am, bartenders disrespectful, staff members hired entertain n't realize not needs wants entertained 24/7, not impossible remove noise entertainment, tired listening noise motoboats beach beachaholic pool loud constant whistle blowing loud music, not just easier return room quiet politely asking chambermaids stop yelling, resorts stayed easy remove entertainment/noise factor able comfortable lounge chairs beach treated w/respect staff members, ending positive note desk staff wonderful, beach beautiful w/flour type sand, rooms adequate cleaned day, recommdations stay riu iberostar,  ",1,negative,negative,high
372,"ok stay stayed week, contacted hotel directly able free breakfast thrown package normally 10 euros person, breakfast just fine w/ bread cheese croissants cereal, worried heard hotel undergoing renovations time going floor painted, room ok size desk king bed closet room 2 suitcases.pros quiet friendly staff decent breakfast good proximity eiffel tower short walk ecole militaire metro stopcons leaky a/c leaky sink did fix problems toilet running fixed bed hard english tv cnn international not expected not really night time entertainment area,  ",3,neutral,neutral,medium
373,"hated checked early, travel extensively time disliked hotel decided 3rd night check early different property, really wanted like waikiki parc, excited staying small boutique hotel instead massive chain, visit started, impressed chic decorations, wrapped box chocolates card waiting nice touch.we got corner room floor looked mountains, got beds instead king decided not room smaller cramped, hotel caters japanese tourist americans sure size great, strangley beds did not fitted sheets just flat sheets, morning woke bare mattresses tossing turning night, woken street noise floor, noticed high velocity elevator nauseous husband light headed everytime got, valet switched keytags run forth rental agreement prove car, late meeting, valet slow times, concierge absolutely useless, speaks poor english unfortunately n't speak japanese.on food wine cheese reception joke, better wine cheese costco, nobu highly overrated incredibly expensive, high hopes place, luckily orchids snotty halekulani door amazing ahi sashimi had.the final straw having razor broken housekeeping, imagine frustrating try shave beach impossible task, argh, booked hotel online promptly checked parc, maybe cranky sleep deprivation,  ",1,negative,negative,high
374,"copley house not good experience, avoid place like frat house, doors slam people crash stairs night, bathroom falling apart, just wanted,  ",1,negative,negative,high
375,"crawling cochroaches, priced dirty beds extremely hard uncomfortable double beds room actually feel springs hard mattress, shower decent thing room, seen live cochroach staying, disgusting, food priced overcooked,  ",1,negative,negative,high
376,"excellent absolutely excellent hotel, no faults, room clean fussy adequate room, buffet breakfast great start day wine cheese popcorn evening greatly appreciated long day exploring shops nyc.the staff extremely helpful definitely returning hotel doubt,  ",5,positive,positive,high
377,"great location just far away crowds waterfront close walk great restaurants local attractions, time booking rooms 2 queen beds available, arrival asked king room, upgraded accommodate bed type, rooms spacious small bathrooms okay area getting dressed drying hair, stayed 2 nights booked night return trip, received upgrade, staff helpful onsite restaurants good,  ",4,positive,positive,high
378,"not par hotel reopened 3 weeks ago storm, things amuck, elevators work filthy carpet hardwood floor elevator, understand shortage help rough edges here.the room ok comfortable bed nothing spectacular, furnishings w style nice, linens nothing special room pretty clean n't inspect everything.the restaurtant zoe serves excellent lunch general malaise linger while.all wait functioning level come, lobbbies nice hotel conveniently located,  ",2,negative,neutral,medium
379,"wrongfully charged room cancelled early fully refundable reservation stay hotel pulitzer travel agent travel agent cancel reservation couple months arrival date better deal, travel agent promptly cancelled reservation pulitzer charged refused credit despite fact provide no documentation explain position, not months later credit card company resolved matter favor, shocked way matter mishandled hotel,  ",1,negative,negative,high
380,"great location hotel great location, beach great price compared hotels block radius, stay hotel hang later delano raleigh shore club walking distance, great place eat la galleria located 3 blocks south 1 block past walgreens did come handy, reserve oceanfront room sure request door not directly rooms door, girlfriends woken 2 nights row 4 morning neighbors night sounded like trying room security showed, complained desk tell people checked, second night new people security showed, time telling desk spoke nice man took money room nights, service really stinks cafe suggest not eating food better cheaper la galleria right street, looking prices cost stay hotels liked better admit probably stay know ask room food,  ",3,neutral,neutral,medium
381,"not return given room fan did not work bathroom, complained given room fan did not work bathroom, not idea good service.we told parking 45/night, charged checked 65/night point double charged night, clearly nobody reviewed, furthermore woken early morning slipped door, completely unacceptable.it not run hotel nor way make comfortable, nickel dime little charge, n't mind paying service goods mind hidden charges paying services not, instance internet connection.the internet connection rooms faulty slow data rate, stayed 2 rooms problem, business trip easier cafe pay internet connection, stung like work hotel room paid clift internet connection, morning left internet access shut hours checkout time.given internet shutoff housekeeping coming shower charge sheet unceremoniously shoved door early morning felt shoved door, not expects civilized hotel.i hotel cold impersonal poorly trained staff, no water ice available rooms, rooms tiny, bar downstairs 20 heavy drinkers tend cluster outside door smoke, not pleasant atmosphere, really nice hotels san francisco opinion second rate best, not recommend, better hotels right street charge,  ",1,negative,negative,high
382,"eh hard understand hotel rated highly, true close puerta del sol plaza major major shopping, room averaged size bit small american standards, housekeeping ok. nothing particularly matter did strike sparkling clean, bed teenage daughter actually chair pulled sleeper, pretty small roll-away standards, realize unavoidable spain compared hotels later stayed room smelled strongly cigarette smoke, service desk warm professional, attached restaurant cafeteria fairly low grade, avoid unless no options,  ",3,neutral,neutral,medium
383,"treated terribly barcelo bavaro palace stayed barcelo bavaro palace 6-07-08 06-14-08. took trip sisters, say wanted leave night, life treated terrrible, feel like outsider american, staff hotel extremely rude not speak spanish, comments like americans no familia, family.the staff ignored pretty pretended not, no help, attended tropicalismo, not waited, leave bottled water bar lobby, latin americans served no problem, paid money did, beach nicest trip, hotel smelled mold, food, ordered brought thing totally different, buffet disgusting birds bugs, right buffet tables.i sick entire trip, lost 5 lbs, room people, towels coffee mugs staff bring towel, apple vacation rep hotelwas not helpful issue, gladly took money excursions, known called apple request place, apple hotel website, big issue maid staff leave sliding glass doors unlocked cleaned locked pin bolt, missing items, wanted not room clean did not come, tips future travelers not stay american, make feel terribly unwanted,  ",1,negative,negative,high
384,"unique exceptional, loved stay, husband spent days edgewater amazed, sitting pier felt like ship, lobby having glass walls comfy chairs fireplace, decor unique lodge like look, room small romantic cozy, clean nice fireplace bear stool balcony sat watching ferries ships planes trains seagul ate hand, shuttle great victoria clipper door waterfront, different loved restaurant dinner small late snack, negative point staff kind responsive not good providing directions information area, time stayed alexis loved hotel,  ",5,positive,positive,high
385,"good choice hotel recommended sister, great location room nice, comfortable bed- quiet- staff helpful recommendations restaurants, pike market 4 block walk, stay,  ",5,positive,positive,high
386,"satisfied chancellor visiting graduate schools bay area son stayed nights chancellor hotel, pleased reception desk housekeeping, pleasant accommodating professional.we thrird floor street noise really not bad, complaints rooms small large people, granted you'r not sleeping handball court ample room od bags no complaints return, way cookies fantastic,  ",5,positive,positive,high
387,"nice hotel better looks stayed nights, hotel george street fairly close central station, looks retro outside inside clean appeasing, staff polite professional, rooms televison safe refridgerator ironing board iron desk air-conditioning bathroom shower, little dated clean comfortable, bar restaurant,  ",4,positive,positive,medium
388,"overall dissapointment booked trip apple vacations overall dissappointed resort, main reason apple bills 5 apple property 4 best, rooms terribly dated need remodel, lots tiny bugs room bathroom sink headboard, pool area needs updated, went smoky lots cigarette butts laying, beach water beautiful food good,  ",2,negative,negative,high
389,"liked noise expensive internet charges, stayed nh schiller 3 nights, excellent location no question, downsides are:1. internet charge, think 20 euros day, unacceptable, countries world free internet hotel rooms, charging internet opportunistic 2, hotel website deceptive, reading hotel website think internet free, not, 3. hotel room small, chilly, used turn heat maids come turn, 4. not plan night not stay, n't able sleep noise coming bars rembrandtplein friday saturday overall good experience, paying internet hotel website implied free just drives mad,  ",3,neutral,negative,high
390,"huge surprise, booked hotel traveling budget, actually booked room 125 night, really nervous pulling area little shady, surprise staying beautiful hotel, interior remodeled, modern hotel, flat screen tvs comfortable bed, delicious breakfast roof morning, mile major shops took bus fisherman wharf, think like 4 bucks round trip took 15 minutes, walked night time mall okay did not husband felt unsafe, not beat hotel, spectacular, shocked, booked night unsure ended staying g 3 nights, worth, recommend hotel, clean beautiful staff outstanding, helped reservations gave directions needed,  ",5,positive,positive,high
391,"no royal service week resort advertises royal service charge does not deliver, lacks attention required class star, nice room 2191 close facilities difference paid far bigger tv slightly larger room, property sell reduced rate n't pay price book royal service not deliver, use treatment sandals sandals work hard days want paid pay slightly higher price sandals return home refreashed not frustrated, planned visiting paradisus costa rica based adventure not,  ",2,negative,negative,high
392,"rated, stayed 2 nights recently, staff friendly 3 people working..a desk person valet 16 day cleaning person, reading reviews expected, hotel basically small older motel smartly interior designed hip, room poorly ventilated stuffy smelled like paint, described king full-sized bed, hotel located street taco bell salvation army hardly beverly hills experience, did not pool bar upscale ammenities expect area, stay roosevelt sunset tower instead real l.a. experience, palm trees staff pools bars views expect price range area,  ",2,negative,negative,high
393,"glass half ok hate mail unreasonable 3 stars reason, weather amazing, just dr. ordered, aethetic perspective 4 4.5 star spot, resort beautiful, stunning, extremely nicely kept-up, flowers grounds impeccably groomed, beach manicured morning ocean gorgeous, pool huge wicked swim bar, food good great variety able tasty nights, mean options extravagant roasted boar chuchuro spicy local fish options simple pasta pizza coldcuts salads no complaints going hungry, rooms spacious clean new modern furntiture, visual perspective place rocks.but despite nice employees attitude staff members completely uncaring inhospitable, tipped 15 day total various employees really did n't think cared.but beach towels 8am, no biggie really annoying 4th day told laundry facility broken, no biggie n't hot water none 5 6 nights ah cares right, afterall sun nice cold shower feel pretty good right check people rude unhelpful flight delayed getting 1am noon day 6 nights room n't ready 17:00/5pm, watch things day, vacation make moved reading week spanish students causing havoc enjoyment guests, kids partied 6am everynight kept eveyone hollering, complaints came resort did nothing, n't told respect resort rules tossed, trust way iop, security smoke shop tried charge wife 6,500 dominican pesos pack smokes, realized apporox cad200 inisisted cancelling transaction complained desk concierge just asked room number looked, nothing hospitality room booked 2 days vacation n't booked according real piece work desk, issued key room actually guests, imagine 2 hours leave flight want shower open door room guests, confused, invited room chambermaid speak desk finally received key grungy room freshening place filthy, wife did n't want use shower thankfully brought towels home none.too buts overall place sooo potential, constructing new facilities place getting nicer, bad beauty spot n't remotely challenged attitudes key employees constanly challenged glass half full.we totally recommend punta cana overall ca n't recommend place, folks stayed barcello loved,  ",3,neutral,negative,medium
394,"just awful, incredibly disappointed hotel, n't ruin trip san francisco staying, hotel shabby no air conditioning kind, window open air means hear street noise traffic city streets, furthermore not open window noisy let bunch flies not rid, room smelly shabby noisy no way recommend, san francisco times year years honestly tell better places stay price lovely city, avoid place,  ",1,negative,negative,high
395,"disapointed hotel stayed hotel 2 days november quite dissapointed standard offer, cannotunderstand rated stars charge high prices, bathroom poorly located small light shower dark, shower head replaced point did not fit holder not stand shower, rooms claimed soundproofed clearly hear guests room wonders, no iron safe did not function, not terrible hotel does make mockery star 4 star, swiming pool roof important good quality room,  ",2,negative,negative,high
396,"deal expectations not 4-5 star, want pampered stay elsewere, decent no frills place fine, staff friendly helpfull.the location cost ca n't beat.i avoid spring break peak time.the cuban resturant door excellent,  ",3,neutral,positive,medium
397,"not worth stayed lenox weekend trip boston, great location, rooms small not website, switch rooms elevator night listening people coming going, old hotel hear neighbors hallways, rooms high speed internet access joke, old dialup service faster, n't plan getting work need online,  ",1,negative,negative,high
398,"hotel 41 better bang bucks hotel 41 fine, staff fairly helpful rooms spotlessly clean tiny nice continental breakfast, honest paying awful lot money, location good suppose paying hey hardly struggling public transport city, time stay reasonable downtown nightlife use subway want day, end day want clean lay weary head money use save party,  ",3,neutral,neutral,medium
399,"not business travel personal business travel needed wifi connectivity, wireless card picked signal hotel low strength, 4th floor thinking repeater nor unavailable, contacted desk clerk requested come lobby try connect business center, brought laptop lobby received low signal strength, clerk suggested use business center, not option access secured vpn business center does not software needed laptop, business traveller need access yuor vpn laptop desire room not hotel stay,  ",2,negative,negative,high
